rank,model,best_acc,macro_f1,delta_vs_baseline,delta_vs_concat,delta_vs_spatial_control,decision
1,spectral_factorized_filter_adapter,0.688552,0.692077,-0.008417999999999926,-0.016834999999999933,0.03367000000000009,stop
2,wavelet_token_adapter,0.676768,0.680727,-0.020201999999999942,-0.02861899999999995,0.021886000000000072,stop
3,spectral_global_filter_adapter,0.66835,0.670097,-0.02861999999999998,-0.03703699999999999,0.013468000000000035,stop
4,spatial_token_adapter,0.654882,0.654244,-0.042088000000000014,-0.05050500000000002,0.0,spatial_control
