class_idx,class_name,pred_0,pred_1,pred_2,pred_3,pred_4,pred_5
0,class_0,60.333333333333336,0.6666666666666666,16.333333333333332,4.666666666666667,5.666666666666667,11.333333333333334
1,class_1,3.3333333333333335,80.66666666666667,7.666666666666667,3.6666666666666665,1.0,2.6666666666666665
2,class_2,10.333333333333334,4.0,66.66666666666667,2.0,9.0,7.0
3,class_3,2.0,0.0,0.6666666666666666,74.66666666666667,6.333333333333333,15.333333333333334
4,class_4,5.0,0.6666666666666666,16.0,3.0,70.33333333333333,4.0
5,class_5,4.666666666666667,3.0,8.666666666666666,17.0,2.3333333333333335,63.333333333333336
