class_idx,class_name,pred_0,pred_1,pred_2,pred_3,pred_4,pred_5
0,class_0,59.333333333333336,2.0,13.666666666666666,3.3333333333333335,5.666666666666667,15.0
1,class_1,2.6666666666666665,82.33333333333333,6.666666666666667,2.6666666666666665,1.0,3.6666666666666665
2,class_2,8.666666666666666,4.666666666666667,68.33333333333333,1.6666666666666667,8.666666666666666,7.0
3,class_3,1.6666666666666667,0.0,0.3333333333333333,71.66666666666667,7.0,18.333333333333332
4,class_4,4.333333333333333,1.3333333333333333,16.666666666666668,3.3333333333333335,69.0,4.333333333333333
5,class_5,3.6666666666666665,3.3333333333333335,8.666666666666666,16.666666666666668,2.6666666666666665,64.0
