class_idx,class_name,pred_0,pred_1,pred_2,pred_3,pred_4,pred_5
0,class_0,59.666666666666664,1.3333333333333333,15.0,4.333333333333333,6.666666666666667,12.0
1,class_1,3.3333333333333335,83.66666666666667,5.666666666666667,3.6666666666666665,1.0,1.6666666666666667
2,class_2,9.333333333333334,4.333333333333333,66.33333333333333,2.3333333333333335,9.666666666666666,7.0
3,class_3,1.6666666666666667,0.0,0.3333333333333333,73.66666666666667,5.666666666666667,17.666666666666668
4,class_4,4.0,1.0,15.333333333333334,3.3333333333333335,71.66666666666667,3.6666666666666665
5,class_5,3.3333333333333335,4.0,8.333333333333334,16.666666666666668,2.6666666666666665,64.0
