seed,baseline_acc,concat_acc,film_acc,concat_delta,film_delta
42,0.696969696969697,0.7053872053872053,0.702020202020202,0.008417508417508324,0.005050505050504972
43,0.6986531986531986,0.702020202020202,0.7037037037037037,0.0033670033670033517,0.005050505050505083
44,0.6986531986531986,0.7087542087542088,0.6952861952861953,0.010101010101010166,-0.0033670033670033517
