class_idx,class_name,baseline_mean_acc,concat_mean_acc,film_mean_acc,concat_mean_delta,film_mean_delta
0,class_0,0.5993265993265994,0.6026936026936026,0.6094276094276094,0.0033670033670033517,0.010101010101010091
1,class_1,0.8316498316498316,0.8451178451178452,0.8148148148148149,0.013468013468013518,-0.016835016835016797
2,class_2,0.6902356902356903,0.67003367003367,0.6734006734006734,-0.02020202020202022,-0.01683501683501683
3,class_3,0.723905723905724,0.744107744107744,0.7542087542087542,0.020202020202020148,0.030303030303030276
4,class_4,0.6969696969696969,0.7239057239057239,0.7104377104377105,0.026936026936026924,0.013468013468013443
5,class_5,0.6464646464646465,0.6464646464646465,0.6397306397306397,0.0,-0.006734006734006777
